State,Date,Daily Actual,Daily Normal,Daily Departure Per,Daily Category,Week Date,Weekly Actual,Weekly Normal,Weekly Departure Per,Weekly Category,Cumulative Date,Cumulative Actual,Cumulative Normal,Cumulative Departue Per,Cumulative Category,Monthly Date,Monthly Acutual,Monthly Normal,Monthly Departure Per,Monthly Category
ANDAMAN & NICOBAR (UT),2026-08-19,4.1,12.9,-68%,LD,13-08-2026 To 19-08-2026,41.5,77.3,-46%,D,01-06-2026 To 19-08-2026,1062.7,1038.7,2%,"N","From 01-08-2026 To 19-08-2026",238.1,234.1,2%,"N"
ANDAMAN & NICOBAR (UT),2026-08-20,23.5,11.9,97%,LE,13-08-2026 To 19-08-2026,41.5,77.3,-46%,D,01-06-2026 To 20-08-2026,1086.2,1050.6,3%,"N","From 01-08-2026 To 20-08-2026",261.6,246,6%,"N"
ANDAMAN & NICOBAR (UT),2026-08-21,30.7,12.4,148%,LE,13-08-2026 To 19-08-2026,41.5,77.3,-46%,D,01-06-2026 To 21-08-2026,1116.9,1063,5%,"N","From 01-08-2026 To 21-08-2026",292.3,258.4,13%,"N"
ANDAMAN & NICOBAR (UT),2026-08-22,46.8,11.6,303%,LE,13-08-2026 To 19-08-2026,41.5,77.3,-46%,D,01-06-2026 To 22-08-2026,1163.7,1074.6,8%,"N","From 01-08-2026 To 22-08-2026",339.1,270,26%,"E"
ANDAMAN & NICOBAR (UT),2026-08-23,9.8,15.1,-35%,D,13-08-2026 To 19-08-2026,41.5,77.3,-46%,D,01-06-2026 To 23-08-2026,1173.5,1089.7,8%,"N","From 01-08-2026 To 23-08-2026",348.9,285.1,22%,"E"
ANDAMAN & NICOBAR (UT),2026-08-24,9.2,12.7,-28%,D,13-08-2026 To 19-08-2026,41.5,77.3,-46%,D,01-06-2026 To 24-08-2026,1182.6,1102.4,7%,"N","From 01-08-2026 To 24-08-2026",358,297.8,20%,"E"
ANDAMAN & NICOBAR (UT),2026-08-25,7.5,12.3,-39%,D,13-08-2026 To 19-08-2026,41.5,77.3,-46%,D,01-06-2026 To 25-08-2026,1190.2,1114.7,7%,"N","From 01-08-2026 To 25-08-2026",365.6,310.1,18%,"N"
ANDAMAN & NICOBAR (UT),2026-08-26,10.3,15.7,-35%,D,20-08-2026 To 26-08-2026,137.7,91.7,50%,E,01-06-2026 To 26-08-2026,1200.4,1130.4,6%,"N","From 01-08-2026 To 26-08-2026",375.8,325.8,15%,"N"
ANDAMAN & NICOBAR (UT),2026-08-27,29.4,16.9,74%,LE,20-08-2026 To 26-08-2026,137.7,91.7,50%,E,01-06-2026 To 27-08-2026,1229.9,1147.3,7%,"N","From 01-08-2026 To 27-08-2026",405.3,342.7,18%,"N"
ANDAMAN & NICOBAR (UT),2026-08-28,15,15,0%,N,20-08-2026 To 26-08-2026,137.7,91.7,50%,E,01-06-2026 To 28-08-2026,1244.9,1162.3,7%,"N","From 01-08-2026 To 28-08-2026",420.3,357.7,17%,"N"
ANDAMAN & NICOBAR (UT),2026-08-29,6.8,12.4,-45%,D,20-08-2026 To 26-08-2026,137.7,91.7,50%,E,01-06-2026 To 29-08-2026,1251.7,1174.7,7%,"N","From 01-08-2026 To 29-08-2026",427.1,370.1,15%,"N"
ANDAMAN & NICOBAR (UT),2026-08-30,6.2,13.1,-53%,D,20-08-2026 To 26-08-2026,137.7,91.7,50%,E,01-06-2026 To 30-08-2026,1257.8,1187.8,6%,"N","From 01-08-2026 To 30-08-2026",433.2,383.2,13%,"N"
ANDAMAN & NICOBAR (UT),2026-08-31,2.6,14.4,-82%,LD,20-08-2026 To 26-08-2026,137.7,91.7,50%,E,01-06-2026 To 31-08-2026,1260.4,1202.2,5%,"N","From 01-08-2026 To 31-08-2026",435.8,397.6,10%,"N"
ANDAMAN & NICOBAR (UT),2026-09-01,1.5,14.3,-90%,LD,20-08-2026 To 26-08-2026,137.7,91.7,50%,E,01-06-2026 To 01-09-2026,1261.9,1216.5,4%,"N","From 01-08-2026 To 31-08-2026",435.8,397.6,10%,"N"
ANDAMAN & NICOBAR (UT),2026-09-02,2.7,13,-80%,LD,27-08-2026 To 02-09-2026,64.1,99.1,-35%,D,01-06-2026 To 02-09-2026,1264.6,1229.5,3%,"N","From 01-09-2026 To 02-09-2026",4.1,27.3,-85%,LD
ANDAMAN & NICOBAR (UT),2026-09-03,1.2,13,-91%,LD,27-08-2026 To 02-09-2026,64.1,99.1,-35%,D,01-06-2026 To 03-09-2026,1265.7,1242.5,2%,"N","From 01-09-2026 To 03-09-2026",5.3,40.3,-87%,LD
ANDAMAN & NICOBAR (UT),2026-09-04,1.5,14.2,-89%,LD,27-08-2026 To 02-09-2026,64.1,99.1,-35%,D,01-06-2026 To 04-09-2026,1267.3,1256.7,1%,"N","From 01-09-2026 To 04-09-2026",6.8,54.5,-87%,LD
ANDAMAN & NICOBAR (UT),2026-09-05,8.1,13.1,-38%,D,27-08-2026 To 02-09-2026,64.1,99.1,-35%,D,01-06-2026 To 05-09-2026,1275.4,1269.8,0%,"N","From 01-09-2026 To 05-09-2026",14.9,67.6,-78%,LD
ANDAMAN & NICOBAR (UT),2026-09-06,21.7,12.5,74%,LE,27-08-2026 To 02-09-2026,64.1,99.1,-35%,D,01-06-2026 To 06-09-2026,1297.1,1282.3,1%,"N","From 01-09-2026 To 06-09-2026",36.7,80.1,-54%,"D"
ANDAMAN & NICOBAR (UT),2026-09-07,28,16.5,69%,LE,27-08-2026 To 02-09-2026,64.1,99.1,-35%,D,01-06-2026 To 07-09-2026,1325.1,1298.8,2%,"N","From 01-09-2026 To 07-09-2026",64.6,96.6,-33%,"D"
ANDAMAN & NICOBAR (UT),2026-09-08,59.1,14.1,319%,LE,27-08-2026 To 02-09-2026,64.1,99.1,-35%,D,01-06-2026 To 08-09-2026,1384.2,1312.9,5%,"N","From 01-09-2026 To 08-09-2026",123.8,110.7,12%,"N"
ANDHRA PRADESH,2026-08-19,1.7,3.9,-56%,D,13-08-2026 To 19-08-2026,9.8,31.4,-69%,LD,01-06-2026 To 19-08-2026,192.3,311.2,-38%,"D","From 01-08-2026 To 19-08-2026",46.4,86,-46%,"D"
ANDHRA PRADESH,2026-08-20,1,4.8,-79%,LD,13-08-2026 To 19-08-2026,9.8,31.4,-69%,LD,01-06-2026 To 20-08-2026,193.4,316,-39%,"D","From 01-08-2026 To 20-08-2026",47.4,90.8,-48%,"D"
ANDHRA PRADESH,2026-08-21,0.9,4.9,-81%,LD,13-08-2026 To 19-08-2026,9.8,31.4,-69%,LD,01-06-2026 To 21-08-2026,194.3,320.9,-39%,"D","From 01-08-2026 To 21-08-2026",48.4,95.7,-49%,"D"
ANDHRA PRADESH,2026-08-22,0.9,5.8,-84%,LD,13-08-2026 To 19-08-2026,9.8,31.4,-69%,LD,01-06-2026 To 22-08-2026,195.2,326.7,-40%,"D","From 01-08-2026 To 22-08-2026",49.3,101.5,-51%,"D"
ANDHRA PRADESH,2026-08-23,6.3,5,26%,E,13-08-2026 To 19-08-2026,9.8,31.4,-69%,LD,01-06-2026 To 23-08-2026,201.5,331.7,-39%,"D","From 01-08-2026 To 23-08-2026",55.6,106.5,-48%,"D"
ANDHRA PRADESH,2026-08-24,5.2,5.2,0%,N,13-08-2026 To 19-08-2026,9.8,31.4,-69%,LD,01-06-2026 To 24-08-2026,206.7,336.9,-39%,"D","From 01-08-2026 To 24-08-2026",60.8,111.7,-46%,"D"
ANDHRA PRADESH,2026-08-25,4,4.6,-12%,N,13-08-2026 To 19-08-2026,9.8,31.4,-69%,LD,01-06-2026 To 25-08-2026,210.7,341.5,-38%,"D","From 01-08-2026 To 25-08-2026",64.8,116.3,-44%,"D"
ANDHRA PRADESH,2026-08-26,0.9,5.2,-83%,LD,20-08-2026 To 26-08-2026,19.3,35.5,-46%,D,01-06-2026 To 26-08-2026,211.6,346.7,-39%,"D","From 01-08-2026 To 26-08-2026",65.7,121.5,-46%,"D"
ANDHRA PRADESH,2026-08-27,1,5.4,-81%,LD,20-08-2026 To 26-08-2026,19.3,35.5,-46%,D,01-06-2026 To 27-08-2026,212.6,352.1,-40%,"D","From 01-08-2026 To 27-08-2026",66.7,126.9,-47%,"D"
ANDHRA PRADESH,2026-08-28,0.3,3.9,-92%,LD,20-08-2026 To 26-08-2026,19.3,35.5,-46%,D,01-06-2026 To 28-08-2026,212.9,356,-40%,"D","From 01-08-2026 To 28-08-2026",67,130.8,-49%,"D"
ANDHRA PRADESH,2026-08-29,0.3,4.3,-92%,LD,20-08-2026 To 26-08-2026,19.3,35.5,-46%,D,01-06-2026 To 29-08-2026,213.3,360.3,-41%,"D","From 01-08-2026 To 29-08-2026",67.4,135.1,-50%,"D"
ANDHRA PRADESH,2026-08-30,0.6,4.6,-88%,LD,20-08-2026 To 26-08-2026,19.3,35.5,-46%,D,01-06-2026 To 30-08-2026,213.8,364.9,-41%,"D","From 01-08-2026 To 30-08-2026",67.9,139.7,-51%,"D"
ANDHRA PRADESH,2026-08-31,1,4.6,-79%,LD,20-08-2026 To 26-08-2026,19.3,35.5,-46%,D,01-06-2026 To 31-08-2026,214.8,369.5,-42%,"D","From 01-08-2026 To 31-08-2026",68.9,144.3,-52%,"D"
ANDHRA PRADESH,2026-09-01,0.2,4.1,-96%,LD,20-08-2026 To 26-08-2026,19.3,35.5,-46%,D,01-06-2026 To 01-09-2026,215,373.6,-42%,"D","From 01-08-2026 To 31-08-2026",68.9,144.3,-52%,"D"
ANDHRA PRADESH,2026-09-02,0.4,5,-92%,LD,27-08-2026 To 02-09-2026,3.7,31.9,-88%,LD,01-06-2026 To 02-09-2026,215.4,378.6,-43%,"D","From 01-09-2026 To 02-09-2026",0.6,9.1,-94%,LD
ANDHRA PRADESH,2026-09-03,1.2,4.6,-74%,LD,27-08-2026 To 02-09-2026,3.7,31.9,-88%,LD,01-06-2026 To 03-09-2026,216.6,383.2,-43%,"D","From 01-09-2026 To 03-09-2026",1.8,13.7,-87%,LD
ANDHRA PRADESH,2026-09-04,1.6,4.9,-68%,LD,27-08-2026 To 02-09-2026,3.7,31.9,-88%,LD,01-06-2026 To 04-09-2026,218.1,388.1,-44%,"D","From 01-09-2026 To 04-09-2026",3.3,18.6,-82%,LD
ANDHRA PRADESH,2026-09-05,0.7,4.4,-84%,LD,27-08-2026 To 02-09-2026,3.7,31.9,-88%,LD,01-06-2026 To 05-09-2026,218.8,392.5,-44%,"D","From 01-09-2026 To 05-09-2026",4,23,-82%,LD
ANDHRA PRADESH,2026-09-06,1.1,3.9,-71%,LD,27-08-2026 To 02-09-2026,3.7,31.9,-88%,LD,01-06-2026 To 06-09-2026,220,396.4,-45%,"D","From 01-09-2026 To 06-09-2026",5.2,26.9,-81%,LD
ANDHRA PRADESH,2026-09-07,2.4,4.5,-47%,D,27-08-2026 To 02-09-2026,3.7,31.9,-88%,LD,01-06-2026 To 07-09-2026,222.4,400.9,-45%,"D","From 01-09-2026 To 07-09-2026",7.6,31.4,-76%,LD
ANDHRA PRADESH,2026-09-08,2.8,3.6,-23%,D,27-08-2026 To 02-09-2026,3.7,31.9,-88%,LD,01-06-2026 To 08-09-2026,225.1,404.5,-44%,"D","From 01-09-2026 To 08-09-2026",10.3,35,-71%,LD
TAMIL NADU,2026-08-19,1.1,3.4,-68%,LD,13-08-2026 To 19-08-2026,10,23.8,-58%,D,01-06-2026 To 19-08-2026,145.9,171.7,-15%,"N","From 01-08-2026 To 19-08-2026",49.5,52,-5%,"N"
TAMIL NADU,2026-08-20,2.9,3,-2%,N,13-08-2026 To 19-08-2026,10,23.8,-58%,D,01-06-2026 To 20-08-2026,148.8,174.7,-15%,"N","From 01-08-2026 To 20-08-2026",52.4,55,-5%,"N"
TAMIL NADU,2026-08-21,2.9,3.7,-21%,D,13-08-2026 To 19-08-2026,10,23.8,-58%,D,01-06-2026 To 21-08-2026,151.7,178.4,-15%,"N","From 01-08-2026 To 21-08-2026",55.3,58.7,-6%,"N"
TAMIL NADU,2026-08-22,0.9,3.8,-76%,LD,13-08-2026 To 19-08-2026,10,23.8,-58%,D,01-06-2026 To 22-08-2026,152.6,182.2,-16%,"N","From 01-08-2026 To 22-08-2026",56.2,62.5,-10%,"N"
TAMIL NADU,2026-08-23,0.3,3.4,-91%,LD,13-08-2026 To 19-08-2026,10,23.8,-58%,D,01-06-2026 To 23-08-2026,152.9,185.6,-18%,"N","From 01-08-2026 To 23-08-2026",56.5,65.9,-14%,"N"
TAMIL NADU,2026-08-24,3.7,3.7,0%,N,13-08-2026 To 19-08-2026,10,23.8,-58%,D,01-06-2026 To 24-08-2026,156.6,189.3,-17%,"N","From 01-08-2026 To 24-08-2026",60.3,69.6,-13%,"N"
TAMIL NADU,2026-08-25,3.5,3.4,4%,N,13-08-2026 To 19-08-2026,10,23.8,-58%,D,01-06-2026 To 25-08-2026,160.2,192.7,-17%,"N","From 01-08-2026 To 25-08-2026",63.8,73,-13%,"N"
TAMIL NADU,2026-08-26,1.1,2.9,-63%,LD,20-08-2026 To 26-08-2026,15.4,23.9,-36%,D,01-06-2026 To 26-08-2026,161.3,195.6,-18%,"N","From 01-08-2026 To 26-08-2026",64.9,75.9,-15%,"N"
TAMIL NADU,2026-08-27,1.9,3.3,-44%,D,20-08-2026 To 26-08-2026,15.4,23.9,-36%,D,01-06-2026 To 27-08-2026,163.1,198.9,-18%,"N","From 01-08-2026 To 27-08-2026",66.7,79.2,-16%,"N"
TAMIL NADU,2026-08-28,0.2,2.7,-92%,LD,20-08-2026 To 26-08-2026,15.4,23.9,-36%,D,01-06-2026 To 28-08-2026,163.3,201.6,-19%,"N","From 01-08-2026 To 28-08-2026",66.9,81.9,-18%,"N"
TAMIL NADU,2026-08-29,1.2,2.7,-56%,D,20-08-2026 To 26-08-2026,15.4,23.9,-36%,D,01-06-2026 To 29-08-2026,164.5,204.3,-19%,"N","From 01-08-2026 To 29-08-2026",68.1,84.6,-19%,"N"
TAMIL NADU,2026-08-30,0.5,2.4,-81%,LD,20-08-2026 To 26-08-2026,15.4,23.9,-36%,D,01-06-2026 To 30-08-2026,165,206.7,-20%,"D","From 01-08-2026 To 30-08-2026",68.6,87,-21%,"D"
TAMIL NADU,2026-08-31,0.1,3,-98%,LD,20-08-2026 To 26-08-2026,15.4,23.9,-36%,D,01-06-2026 To 31-08-2026,165,209.7,-21%,"D","From 01-08-2026 To 31-08-2026",68.6,90,-24%,"D"
TAMIL NADU,2026-09-01,0,3.5,-99%,LD,20-08-2026 To 26-08-2026,15.4,23.9,-36%,D,01-06-2026 To 01-09-2026,165,213.2,-23%,"D","From 01-08-2026 To 31-08-2026",68.6,90,-24%,"D"
TAMIL NADU,2026-09-02,0.6,3.5,-83%,LD,27-08-2026 To 02-09-2026,4.4,21.1,-79%,LD,01-06-2026 To 02-09-2026,165.6,216.7,-24%,"D","From 01-09-2026 To 02-09-2026",0.6,7,-92%,LD
TAMIL NADU,2026-09-03,1.7,3.6,-53%,D,27-08-2026 To 02-09-2026,4.4,21.1,-79%,LD,01-06-2026 To 03-09-2026,167.3,220.3,-24%,"D","From 01-09-2026 To 03-09-2026",2.3,10.6,-78%,LD
TAMIL NADU,2026-09-04,3.3,2.9,15%,N,27-08-2026 To 02-09-2026,4.4,21.1,-79%,LD,01-06-2026 To 04-09-2026,170.6,223.2,-24%,"D","From 01-09-2026 To 04-09-2026",5.6,13.5,-58%,"D"
TAMIL NADU,2026-09-05,2.4,3.3,-28%,D,27-08-2026 To 02-09-2026,4.4,21.1,-79%,LD,01-06-2026 To 05-09-2026,173,226.5,-24%,"D","From 01-09-2026 To 05-09-2026",8,16.8,-53%,"D"
TAMIL NADU,2026-09-06,4.8,3.3,45%,E,27-08-2026 To 02-09-2026,4.4,21.1,-79%,LD,01-06-2026 To 06-09-2026,177.8,229.8,-23%,"D","From 01-09-2026 To 06-09-2026",12.8,20.1,-37%,"D"
TAMIL NADU,2026-09-07,3.3,4,-18%,N,27-08-2026 To 02-09-2026,4.4,21.1,-79%,LD,01-06-2026 To 07-09-2026,181.1,233.8,-23%,"D","From 01-09-2026 To 07-09-2026",16,24.1,-33%,"D"
TAMIL NADU,2026-09-08,1,3.3,-70%,LD,27-08-2026 To 02-09-2026,4.4,21.1,-79%,LD,01-06-2026 To 08-09-2026,182.1,237.1,-23%,"D","From 01-09-2026 To 08-09-2026",17,27.4,-38%,"D"
